Number,Connectivity,Protein1,Chain1,Residue1,Resi1,Protein2,Chain2,Residue2,Resi2
1,HerA-NurA,HerA,D,LYS,66,NurA,G,LYS,4
2,HerA-NurA,HerA,C,LYS,66,NurA,G,LYS,17
2,HerA-NurA,HerA,D,LYS,66,NurA,G,LYS,17
3,HerA-NurA,HerA,C,LYS,66,NurA,G,LYS,28
4,HerA-NurA,HerA,B,LYS,66,NurA,G,LYS,84
5,HerA-NurA,HerA,B,LYS,66,NurA,G,LYS,87
6,HerA-NurA,HerA,F,LYS,66,NurA,G,LYS,99
7,HerA-NurA,HerA,B,LYS,66,NurA,G,LYS,202
8,HerA-NurA,HerA,B,LYS,66,NurA,G,LYS,296
9,HerA-NurA,HerA,A,LYS,66,NurA,G,LYS,318
9,HerA-NurA,HerA,B,LYS,66,NurA,G,LYS,318
10,HerA-NurA,HerA,A,LYS,66,NurA,G,LYS,321
10,HerA-NurA,HerA,B,LYS,66,NurA,G,LYS,321
11,HerA-NurA,HerA,A,LYS,66,NurA,G,LYS,326
11,HerA-NurA,HerA,F,LYS,66,NurA,G,LYS,326
12,HerA-NurA,HerA,D,LYS,77,NurA,G,LYS,4
12,HerA-NurA,HerA,E,LYS,77,NurA,G,LYS,4
13,HerA-NurA,HerA,D,LYS,77,NurA,G,LYS,17
13,HerA-NurA,HerA,E,LYS,77,NurA,G,LYS,17
14,HerA-NurA,HerA,B,LYS,77,NurA,G,LYS,84
14,HerA-NurA,HerA,C,LYS,77,NurA,G,LYS,84
15,HerA-NurA,HerA,A,LYS,77,NurA,G,LYS,87
15,HerA-NurA,HerA,B,LYS,77,NurA,G,LYS,87
16,HerA-NurA,HerA,B,LYS,77,NurA,G,LYS,296
16,HerA-NurA,HerA,C,LYS,77,NurA,G,LYS,296
17,HerA-NurA,HerA,A,LYS,77,NurA,G,LYS,318
17,HerA-NurA,HerA,B,LYS,77,NurA,G,LYS,318
18,HerA-NurA,HerA,A,LYS,77,NurA,G,LYS,321
19,HerA-NurA,HerA,A,LYS,77,NurA,G,LYS,326
20,HerA-NurA,HerA,A,LYS,66,NurA,H,LYS,4
21,HerA-NurA,HerA,F,LYS,66,NurA,H,LYS,17
22,HerA-NurA,HerA,A,LYS,66,NurA,H,LYS,17
23,HerA-NurA,HerA,F,LYS,66,NurA,H,LYS,28
24,HerA-NurA,HerA,E,LYS,66,NurA,H,LYS,84
25,HerA-NurA,HerA,E,LYS,66,NurA,H,LYS,87
26,HerA-NurA,HerA,C,LYS,66,NurA,H,LYS,99
27,HerA-NurA,HerA,E,LYS,66,NurA,H,LYS,202
28,HerA-NurA,HerA,E,LYS,66,NurA,H,LYS,296
29,HerA-NurA,HerA,D,LYS,66,NurA,H,LYS,318
30,HerA-NurA,HerA,E,LYS,66,NurA,H,LYS,318
31,HerA-NurA,HerA,D,LYS,66,NurA,H,LYS,321
32,HerA-NurA,HerA,E,LYS,66,NurA,H,LYS,321
33,HerA-NurA,HerA,D,LYS,66,NurA,H,LYS,326
34,HerA-NurA,HerA,C,LYS,66,NurA,H,LYS,326
35,HerA-NurA,HerA,A,LYS,77,NurA,H,LYS,4
36,HerA-NurA,HerA,B,LYS,77,NurA,H,LYS,4
37,HerA-NurA,HerA,A,LYS,77,NurA,H,LYS,17
38,HerA-NurA,HerA,B,LYS,77,NurA,H,LYS,17
39,HerA-NurA,HerA,E,LYS,77,NurA,H,LYS,84
40,HerA-NurA,HerA,F,LYS,77,NurA,H,LYS,84
41,HerA-NurA,HerA,D,LYS,77,NurA,H,LYS,87
42,HerA-NurA,HerA,E,LYS,77,NurA,H,LYS,87
43,HerA-NurA,HerA,E,LYS,77,NurA,H,LYS,296
44,HerA-NurA,HerA,F,LYS,77,NurA,H,LYS,296
45,HerA-NurA,HerA,D,LYS,77,NurA,H,LYS,318
46,HerA-NurA,HerA,E,LYS,77,NurA,H,LYS,318
47,HerA-NurA,HerA,D,LYS,77,NurA,H,LYS,321
48,HerA-NurA,HerA,D,LYS,77,NurA,H,LYS,326